Alice,Amanda,Amber,Amy,Andrea,Angela,Ann,Anna,Annie,Ashley
Barbara,Beatrice,Bernice,Bertha,Betty,Beverly,Bonnie,Brenda,Brianna,Brittany
Carol,Carolyn,Catherine,Charlotte,Cheryl,Christina,Christine,Connie,Crystal,Cynthia
Danielle,Dawn,Deborah,Debra,Denise,Diana,Diane,Donna,Doris,Dorothy
Edith,Edna,Eleanor,Elizabeth,Ellen,Emily,Emma,Erin,Ethel,Evelyn
Faith,Fannie,Faye,Felicia,Fern,Flora,Florence,Frances,Francine,Freda
Gabrielle,Gail,Georgia,Geraldine,Gertrude,Gina,Gladys,Gloria,Grace,Gwendolyn
Hailey,Haley,Hannah,Harriet,Hattie,Hazel,Heather,Heidi,Helen,Holly
Ida,Ina,Inez,Irene,Iris,Irma,Isabel,Isabella,Isabelle,Iva
Jacqueline,Janet,Jean,Jennifer,Jessica,Joan,Joyce,Judith,Julia,Julie
Karen,Katherine,Kathleen,Kathryn,Kathy,Katie,Kayla,Kelly,Kimberly,Kristen
Laura,Lauren,Leslie,Lillian,Linda,Lisa,Lois,Lori,Louise,Lucille
Margaret,Maria,Marie,Marilyn,Martha,Mary,Megan,Melissa,Michelle,Mildred
Nancy,Naomi,Natalie,Natasha,Nellie,Nichole,Nicole,Nina,Nora,Norma
Octavia,Odessa,Ola,Olga,Olive,Olivia,Ollie,Opal,Ophelia,Ora
Paige,Pamela,Patricia,Patsy,Paula,Pauline,Pearl,Peggy,Phyllis,Priscilla
Qiana,Quanesha,Quanisha,Queen,Queenie,Quiana,Quianna,Quincy,Quinn,Quintina
Rachel,Rebecca,Regina,Renee,Rhonda,Rita,Robin,Rose,Ruby,Ruth
Samantha,Sandra,Sara,Sarah,Shannon,Sharon,Sheila,Shirley,Stephanie,Susan
Tammy,Tara,Taylor,Teresa,Terri,Thelma,Theresa,Tiffany,Tina,Tracy
Ula,Ulanda,Uma,Una,Uniqua,Unique,Ura,Uriah,Ursula,Uyen
Valerie,Vanessa,Vera,Veronica,Vicki,Vickie,Victoria,Viola,Virginia,Vivian
Wanda,Wendi,Wendy,Whitney,Willa,William,Willie,Wilma,Winifred,Winnie
Xavier,Xaviera,Xena,Xenia,Ximena,Xiomara,Xitlali,Xitlaly,Xochilt,Xochitl
Yadira,Yajaira,Yasmin,Yasmine,Yazmin,Yesenia,Yessenia,Yolanda,Yvette,Yvonne
Zaria,Zelda,Zella,Zelma,Zena,Zoe,Zoey,Zoie,Zola,Zora
